{"intercept": 42.07600783734324, "coefficients": [0.0, 7.085325887955397, 0.001461102248620172], "base_date": "1997-08-04"}