{"intercept": 41.74246709187446, "coefficients": [0.0, 7.087589557471054, 0.0014586987141590076], "base_date": "1997-08-04"}