{"intercept": 41.90549489987188, "coefficients": [0.0, 7.086482642839736, 0.0014598745316964923], "base_date": "1997-08-04"}